<TICKER>;<PER>;<DATE>;<TIME>;<OPEN>;<HIGH>;<LOW>;<CLOSE>;<VOL>
AFLT;D;201201;000000;72.0200000;72.4200000;71.4600000;72.1800000;18609590
AFLT;D;201202;000000;72.0400000;72.5000000;71.7000000;72.5000000;15799530
AFLT;D;201203;000000;72.2800000;74.3200000;72.2400000;74.0000000;34225620
AFLT;D;201204;000000;74.1800000;75.4800000;73.3400000;74.1400000;36921900
AFLT;D;201207;000000;74.2200000;75.1200000;73.6000000;74.0000000;25660380
AFLT;D;201208;000000;74.0000000;74.0000000;71.3600000;72.7000000;28602490
AFLT;D;201209;000000;72.9600000;73.2600000;71.5200000;72.0000000;20039840
AFLT;D;201210;000000;71.9800000;72.4000000;71.1000000;72.1800000;19635880
AFLT;D;201211;000000;71.9600000;73.0800000;71.1000000;71.7600000;22922230
AFLT;D;201214;000000;71.9000000;72.2400000;69.5400000;71.0800000;28655870
AFLT;D;201215;000000;70.8600000;71.1000000;69.6000000;70.2400000;18537620
AFLT;D;201216;000000;70.1000000;71.4800000;69.7600000;71.4600000;18400940
AFLT;D;201217;000000;71.5200000;72.2000000;70.6000000;71.1000000;23178420
AFLT;D;201218;000000;71.0000000;72.3800000;70.7400000;71.4000000;36976310
AFLT;D;201221;000000;70.9000000;70.9000000;66.5400000;68.7600000;55268580
AFLT;D;201222;000000;67.9400000;69.7000000;67.5000000;68.7400000;21099500
AFLT;D;201223;000000;68.6000000;69.8800000;68.3200000;69.4200000;11645830
AFLT;D;201224;000000;69.5000000;69.6600000;68.7200000;68.9800000;9149830
AFLT;D;201225;000000;69.1200000;69.2200000;68.6800000;69.1400000;5455100
AFLT;D;201228;000000;69.2400000;70.2600000;69.1200000;69.6200000;10943840
AFLT;D;201229;000000;69.7400000;71.6400000;69.5000000;70.6200000;21637400
AFLT;D;201230;000000;70.8000000;71.9800000;70.6600000;71.4400000;18659750
AFLT;D;210104;000000;71.8000000;73.1000000;71.6000000;72.0600000;17699020
AFLT;D;210105;000000;72.1200000;72.8600000;71.8000000;72.7400000;13101290
AFLT;D;210106;000000;72.9000000;73.7800000;72.6200000;72.9600000;18466940
AFLT;D;210108;000000;73.3200000;73.8200000;73.0000000;73.5800000;16294520
AFLT;D;210111;000000;73.3600000;74.5600000;72.6800000;74.0800000;26103010
AFLT;D;210112;000000;73.9600000;74.5400000;73.1200000;74.1800000;16554180
AFLT;D;210113;000000;74.1200000;74.3800000;72.9200000;73.5000000;13247610
AFLT;D;210114;000000;73.4200000;73.7600000;72.7400000;73.1600000;14637000
AFLT;D;210115;000000;73.0800000;73.6000000;72.0800000;72.3000000;14501020
AFLT;D;210118;000000;72.4000000;73.0000000;72.2200000;72.7800000;10085570
AFLT;D;210119;000000;72.9600000;74.3000000;72.6800000;73.7200000;24367170
AFLT;D;210120;000000;73.7000000;74.2800000;73.3000000;73.7200000;12749160
AFLT;D;210121;000000;73.8400000;73.9800000;72.2400000;72.5000000;13259080
AFLT;D;210122;000000;72.4600000;72.7400000;71.1200000;71.8400000;17722040
AFLT;D;210125;000000;72.1800000;72.4600000;70.2000000;71.1400000;26560810
AFLT;D;210126;000000;70.9000000;71.1000000;70.2200000;70.7600000;14958710
AFLT;D;210127;000000;70.8000000;71.1600000;69.7200000;69.8800000;20641720
AFLT;D;210128;000000;69.7000000;71.1000000;69.1200000;71.0000000;40599000
AFLT;D;210129;000000;71.0000000;71.1000000;69.7200000;69.8800000;15988890
AFLT;D;210201;000000;70.2800000;70.5600000;69.3800000;70.3400000;10868540
AFLT;D;210202;000000;70.4600000;71.0400000;69.7400000;70.1400000;13365770
AFLT;D;210203;000000;70.6000000;70.9200000;70.1600000;70.6800000;12108390
AFLT;D;210204;000000;70.6800000;71.0800000;70.3000000;70.5600000;9544490
AFLT;D;210205;000000;70.7200000;71.0800000;70.3800000;70.8200000;11132780
AFLT;D;210208;000000;71.0000000;71.4600000;70.6200000;71.0800000;19626910
AFLT;D;210209;000000;71.1800000;71.2800000;70.0000000;70.3400000;20394170
AFLT;D;210210;000000;70.3800000;70.6000000;68.3000000;69.1800000;30235780
AFLT;D;210211;000000;69.0200000;69.4600000;68.6400000;68.8600000;11668550
AFLT;D;210212;000000;68.9200000;69.4000000;68.0400000;69.2800000;15538890
AFLT;D;210215;000000;69.4800000;69.8000000;68.8200000;69.6200000;16674370
AFLT;D;210216;000000;69.7200000;69.7600000;68.8200000;69.5000000;18076890
AFLT;D;210217;000000;69.2800000;69.6800000;68.9600000;69.1800000;20700580
AFLT;D;210218;000000;69.3000000;69.4000000;68.6400000;68.8000000;14471380
AFLT;D;210219;000000;68.7400000;69.1600000;68.6600000;69.0200000;15404430
AFLT;D;210220;000000;69.0400000;69.2800000;69.0000000;69.1400000;2857580
AFLT;D;210222;000000;69.1000000;69.5400000;68.9400000;69.2000000;10677360
AFLT;D;210224;000000;69.1200000;71.0600000;68.8000000;70.3000000;27790190
AFLT;D;210225;000000;70.4000000;70.7400000;69.4400000;69.4400000;13430210
AFLT;D;210226;000000;69.4000000;70.1400000;68.9000000;69.6600000;12158420
AFLT;D;210301;000000;69.9200000;70.4000000;69.5200000;69.9200000;11134980
AFLT;D;210302;000000;69.8600000;71.1000000;69.7800000;71.1000000;19929230
AFLT;D;210303;000000;71.2200000;71.7000000;70.1000000;70.6000000;20941880
AFLT;D;210304;000000;70.6400000;70.8000000;69.2000000;69.4400000;14606430
AFLT;D;210305;000000;69.4400000;69.8400000;68.7200000;69.2800000;17449160
AFLT;D;210309;000000;69.5800000;69.9000000;69.0600000;69.6600000;14112890
AFLT;D;210310;000000;69.4800000;70.2800000;69.4000000;69.8600000;13121080
AFLT;D;210311;000000;70.1000000;70.1200000;69.4000000;70.0000000;13584060
AFLT;D;210312;000000;69.9000000;70.1000000;69.4000000;69.8600000;11682800
AFLT;D;210315;000000;70.1600000;71.0600000;69.8400000;70.8200000;20143880
AFLT;D;210316;000000;70.9600000;71.5400000;70.0200000;70.5000000;19528600
AFLT;D;210317;000000;70.4200000;70.7200000;69.2800000;70.0200000;17104090
AFLT;D;210318;000000;69.9400000;70.1200000;68.1400000;69.1800000;13326780
AFLT;D;210319;000000;69.4400000;70.1000000;69.0600000;69.8000000;11690630
AFLT;D;210322;000000;69.8000000;70.0000000;69.0000000;69.2600000;9772520
AFLT;D;210323;000000;69.3200000;69.3200000;67.2000000;67.7200000;27346700
AFLT;D;210324;000000;67.7200000;68.0000000;65.4000000;65.9000000;35820130
AFLT;D;210325;000000;65.9400000;66.6600000;65.2000000;66.1400000;19833340
AFLT;D;210326;000000;66.4800000;68.3800000;66.3200000;68.0000000;22044260
AFLT;D;210329;000000;67.9400000;68.2800000;67.2000000;67.4600000;14261760
AFLT;D;210330;000000;67.7000000;67.8000000;66.3000000;66.8400000;17045710
AFLT;D;210331;000000;66.8400000;67.7000000;66.6400000;67.4400000;13871870
AFLT;D;210401;000000;67.6600000;67.8000000;66.7000000;67.1600000;14924930
AFLT;D;210402;000000;67.3200000;67.5000000;67.0600000;67.5000000;6493300
AFLT;D;210405;000000;67.5000000;67.7800000;67.0000000;67.3200000;9148800
AFLT;D;210406;000000;67.3400000;67.5400000;66.5600000;66.8800000;9175930
AFLT;D;210407;000000;66.9400000;67.3200000;66.3800000;67.0200000;7599570
AFLT;D;210408;000000;67.1400000;67.2200000;66.4000000;66.8000000;10255460
AFLT;D;210409;000000;66.8800000;66.9000000;66.1200000;66.2800000;8948230
AFLT;D;210412;000000;66.2800000;67.2000000;66.0200000;66.5200000;10515860
AFLT;D;210413;000000;66.5000000;66.5400000;65.2800000;65.7600000;17056530
AFLT;D;210414;000000;65.4200000;66.1600000;65.2600000;65.8000000;17078170
AFLT;D;210415;000000;65.5400000;65.8800000;65.0000000;65.6200000;23442980
AFLT;D;210416;000000;65.5400000;66.9400000;65.4000000;66.4800000;19580470
AFLT;D;210419;000000;66.3000000;66.5000000;65.3400000;65.4800000;15325340
AFLT;D;210420;000000;65.5600000;65.6800000;64.0000000;64.4800000;35547010
AFLT;D;210421;000000;64.5000000;64.6000000;63.0200000;63.6000000;31729350
AFLT;D;210422;000000;63.7800000;64.6200000;63.0400000;64.4800000;16996190
AFLT;D;210423;000000;64.3000000;65.4200000;64.2800000;65.3000000;17431150
AFLT;D;210426;000000;65.3000000;66.4800000;64.7600000;66.0400000;16494960
AFLT;D;210427;000000;66.1600000;66.3200000;65.2800000;65.5400000;11508980
AFLT;D;210428;000000;65.7000000;65.7400000;64.6000000;65.0000000;9483620
AFLT;D;210429;000000;65.1800000;65.4200000;64.5400000;64.9000000;6844490
AFLT;D;210430;000000;64.8000000;65.0800000;64.0200000;64.5400000;8301660
AFLT;D;210504;000000;64.4000000;65.4600000;64.4000000;65.1800000;10044060
AFLT;D;210505;000000;65.3400000;65.7000000;65.0000000;65.2200000;9199390
AFLT;D;210506;000000;65.3800000;65.5800000;65.1000000;65.4000000;6082170
AFLT;D;210507;000000;65.5000000;65.8800000;65.1400000;65.6400000;6319130
AFLT;D;210510;000000;65.9600000;67.1200000;65.8200000;66.8800000;16470160
AFLT;D;210511;000000;66.8200000;66.8800000;65.5600000;66.3200000;10609800
AFLT;D;210512;000000;66.4000000;66.7200000;65.7400000;65.9000000;9028050
AFLT;D;210513;000000;65.9800000;67.0800000;65.3200000;66.6000000;14397630
AFLT;D;210514;000000;66.7400000;67.3600000;66.5600000;67.3200000;7948590
AFLT;D;210517;000000;67.5200000;71.0600000;67.5200000;70.6000000;53796410
AFLT;D;210518;000000;70.9600000;72.3000000;70.0200000;70.9200000;38145850
AFLT;D;210519;000000;71.0000000;71.4600000;68.2200000;69.5000000;26219730
AFLT;D;210520;000000;69.7000000;70.3200000;68.6800000;70.0800000;13033490
AFLT;D;210521;000000;70.3200000;71.3600000;69.9400000;70.8600000;14798620
AFLT;D;210524;000000;71.3600000;72.4000000;71.1200000;71.6800000;19111010
AFLT;D;210525;000000;71.8400000;72.2000000;70.6000000;71.3400000;10829240
AFLT;D;210526;000000;71.5200000;71.8400000;69.8800000;70.7200000;14573400
AFLT;D;210527;000000;70.6600000;71.7200000;70.0000000;71.1200000;21608850
AFLT;D;210528;000000;71.2000000;71.3000000;69.3800000;69.9400000;18786130
AFLT;D;210531;000000;69.9000000;70.3400000;69.8200000;70.0600000;7663690
AFLT;D;210601;000000;70.0800000;71.3600000;70.0800000;71.0600000;16507350
AFLT;D;210602;000000;71.2000000;71.3200000;70.4200000;71.2400000;11288310
AFLT;D;210603;000000;71.3600000;71.8200000;70.8200000;71.5000000;12986760
AFLT;D;210604;000000;71.5200000;71.5800000;70.8200000;71.4400000;9283490
AFLT;D;210607;000000;71.4800000;71.7200000;71.0000000;71.3400000;8987100
AFLT;D;210608;000000;71.3800000;71.4800000;71.0000000;71.3800000;6285170
AFLT;D;210609;000000;71.4200000;73.9000000;71.3200000;73.7200000;42775070
AFLT;D;210610;000000;73.9200000;74.6000000;72.5000000;73.3400000;28945680
AFLT;D;210611;000000;73.6400000;74.1000000;72.9200000;73.5800000;16539650
AFLT;D;210614;000000;73.4200000;73.5800000;72.1000000;72.2800000;16749000
AFLT;D;210615;000000;72.4200000;72.4600000;70.5000000;71.0600000;20374560
AFLT;D;210616;000000;70.6600000;71.4400000;69.7000000;70.1600000;23953170
AFLT;D;210617;000000;69.9600000;70.6800000;69.1200000;69.9000000;20152690
AFLT;D;210618;000000;69.9600000;71.8200000;69.4200000;71.4000000;27770540
AFLT;D;210621;000000;71.5000000;72.2000000;70.5000000;71.1000000;12702880
AFLT;D;210622;000000;71.3600000;71.9000000;70.9000000;71.6800000;9487220
AFLT;D;210623;000000;71.8000000;72.0000000;70.0600000;70.5800000;15880930
AFLT;D;210624;000000;70.6600000;70.6600000;68.8000000;69.1400000;20965520
AFLT;D;210625;000000;69.1600000;70.6200000;69.1600000;69.9800000;15206470
AFLT;D;210628;000000;69.9800000;70.4000000;69.1000000;69.3200000;12434210
AFLT;D;210629;000000;69.2000000;69.4200000;67.3800000;68.0600000;22129550
AFLT;D;210630;000000;68.0800000;68.7800000;67.2000000;68.6000000;18004350
AFLT;D;210701;000000;68.6200000;68.8000000;68.1200000;68.5400000;6514100
AFLT;D;210702;000000;68.5400000;68.8800000;68.2200000;68.5800000;5559820
AFLT;D;210705;000000;68.6800000;69.4800000;68.6200000;69.3400000;7372460
AFLT;D;210706;000000;69.4800000;69.6800000;68.2000000;68.5000000;9244130
AFLT;D;210707;000000;68.5000000;68.8400000;68.0000000;68.3400000;6056090
AFLT;D;210708;000000;68.2000000;68.7200000;67.5600000;68.5000000;9560230
AFLT;D;210709;000000;68.6000000;69.1400000;68.1800000;68.7400000;8231740
AFLT;D;210712;000000;68.8600000;68.9600000;68.4000000;68.8400000;3722390
AFLT;D;210713;000000;68.9000000;69.0800000;68.1800000;68.2800000;6482180
AFLT;D;210714;000000;68.2400000;68.3600000;67.8200000;68.0400000;8041730
AFLT;D;210715;000000;68.1800000;68.3000000;67.6600000;67.7600000;5908850
AFLT;D;210716;000000;67.7600000;67.9200000;66.6000000;66.7800000;11127190
AFLT;D;210719;000000;66.5800000;66.7200000;65.8000000;66.7000000;11220210
AFLT;D;210720;000000;66.8000000;68.0800000;66.7000000;67.6800000;9625290
AFLT;D;210721;000000;68.0200000;68.0200000;67.2200000;67.8000000;5013920
AFLT;D;210722;000000;67.7800000;67.7800000;66.7600000;67.2200000;7370910
AFLT;D;210723;000000;67.2800000;67.3400000;66.8000000;66.9400000;3654040
AFLT;D;210726;000000;66.6400000;67.0000000;66.0200000;66.4000000;8466100
AFLT;D;210727;000000;66.4200000;66.4800000;65.7200000;66.1000000;6318370
AFLT;D;210728;000000;66.3000000;67.4400000;66.1200000;67.4400000;7396110
AFLT;D;210729;000000;67.4000000;67.7800000;67.0400000;67.2400000;5972270
AFLT;D;210730;000000;67.1400000;67.6200000;66.7400000;67.1600000;6121880
AFLT;D;210802;000000;67.4600000;67.9400000;66.3200000;66.7800000;9614630
AFLT;D;210803;000000;66.9000000;67.3800000;66.6400000;67.2400000;4382000
AFLT;D;210804;000000;67.3000000;67.4600000;66.6400000;66.7800000;5325030
AFLT;D;210805;000000;66.7800000;67.5800000;66.6600000;67.3200000;7466870
AFLT;D;210806;000000;67.3200000;67.4200000;66.7200000;66.8600000;4333290
AFLT;D;210809;000000;66.9800000;67.2600000;66.7200000;66.9000000;4941320
AFLT;D;210810;000000;67.1600000;67.3200000;66.8800000;67.0400000;4714860
AFLT;D;210811;000000;67.1600000;67.2800000;66.9200000;67.1200000;3638020
AFLT;D;210812;000000;67.1600000;67.3000000;66.8000000;67.0000000;3832160
AFLT;D;210813;000000;67.1000000;67.1000000;66.5200000;66.8000000;3348130
AFLT;D;210816;000000;66.7600000;66.9800000;66.4000000;66.9200000;3894440
AFLT;D;210817;000000;66.9200000;67.3400000;66.7200000;67.0000000;4386220
AFLT;D;210818;000000;67.0200000;69.3000000;67.0200000;67.9200000;22363820
AFLT;D;210819;000000;68.0000000;68.0000000;66.3200000;67.2000000;13564710
AFLT;D;210820;000000;67.1800000;67.5000000;67.1200000;67.1400000;3347580
AFLT;D;210823;000000;67.3800000;68.8000000;67.3000000;68.4400000;7982310
AFLT;D;210824;000000;68.5800000;68.7200000;67.8400000;68.2800000;5533350
AFLT;D;210825;000000;68.3000000;68.5800000;68.0400000;68.2200000;3218300
AFLT;D;210826;000000;68.2600000;68.4000000;67.6800000;68.0600000;4332080
AFLT;D;210827;000000;68.0600000;69.1200000;67.4600000;68.6400000;7597240
AFLT;D;210830;000000;68.8000000;69.8600000;68.7000000;69.2800000;15934960
AFLT;D;210831;000000;69.3000000;69.7800000;69.0600000;69.3200000;9524740
AFLT;D;210901;000000;69.5000000;70.3800000;69.1600000;69.4800000;13375920
AFLT;D;210902;000000;69.4400000;69.9000000;69.1200000;69.4200000;6609260
AFLT;D;210903;000000;69.4600000;69.9800000;69.1800000;69.4000000;6305830
AFLT;D;210906;000000;69.5000000;69.7200000;68.6600000;68.8000000;7620740
AFLT;D;210907;000000;68.7400000;69.1200000;67.8800000;68.1600000;12850410
AFLT;D;210908;000000;68.1600000;68.1600000;67.0400000;67.4400000;12644480
AFLT;D;210909;000000;67.4000000;67.4000000;66.5600000;66.7400000;9319880
AFLT;D;210910;000000;66.7200000;67.5000000;66.7000000;66.9800000;5706920
AFLT;D;210913;000000;67.1200000;67.5800000;66.9600000;67.3800000;5287940
AFLT;D;210914;000000;67.5000000;67.6400000;66.9200000;66.9800000;4867610
AFLT;D;210915;000000;66.9000000;67.1600000;66.6600000;67.0200000;5585370
AFLT;D;210916;000000;67.1800000;67.2000000;66.2800000;66.6400000;8485260
AFLT;D;210917;000000;66.7400000;67.0800000;66.6200000;66.8000000;5360770
AFLT;D;210920;000000;66.8000000;66.8400000;65.8400000;66.1600000;6576600
AFLT;D;210921;000000;66.2200000;67.1800000;66.2000000;67.1200000;7907340
AFLT;D;210922;000000;67.3400000;67.5000000;66.6200000;67.2800000;6737660
AFLT;D;210923;000000;67.4800000;67.4800000;66.7400000;67.1000000;5787550
AFLT;D;210924;000000;67.0200000;69.3600000;66.8400000;69.1000000;23179590
AFLT;D;210927;000000;69.1800000;71.4400000;68.3200000;70.4000000;30575130
AFLT;D;210928;000000;70.5000000;70.7400000;68.2000000;69.1200000;16244470
AFLT;D;210929;000000;68.8600000;72.0000000;68.8000000;69.9000000;21018610
AFLT;D;210930;000000;70.1200000;71.8000000;69.3000000;69.9600000;17752040
AFLT;D;211001;000000;69.8800000;70.9800000;69.0600000;70.0000000;10302330
AFLT;D;211004;000000;70.2800000;70.3600000;69.0200000;69.2200000;8682750
AFLT;D;211005;000000;69.2200000;70.0600000;69.0400000;69.8600000;9100120
AFLT;D;211006;000000;70.0000000;71.5000000;69.1600000;70.6400000;21647310
AFLT;D;211007;000000;70.9000000;71.7800000;70.6400000;71.0600000;14304710
AFLT;D;211008;000000;71.3400000;72.0400000;70.4600000;70.9800000;14103930
AFLT;D;211011;000000;71.1000000;71.2000000;70.2200000;70.3600000;5829100
AFLT;D;211012;000000;70.3000000;70.8800000;70.0200000;70.7000000;5270300
AFLT;D;211013;000000;70.5000000;70.8000000;69.7800000;70.2200000;7175460
AFLT;D;211014;000000;70.2200000;70.3800000;69.8000000;70.0800000;6517470
AFLT;D;211015;000000;70.0600000;70.2600000;69.5000000;69.6800000;4941280
AFLT;D;211018;000000;69.6800000;70.1000000;69.3400000;69.7600000;5725140
AFLT;D;211019;000000;69.8200000;69.9800000;69.0200000;69.2600000;6479390
AFLT;D;211020;000000;69.2400000;69.2400000;68.2000000;68.5800000;7069880
AFLT;D;211021;000000;68.5000000;69.1600000;67.1200000;67.6400000;11601200
AFLT;D;211022;000000;67.7600000;68.3200000;67.6600000;67.9000000;6126410
AFLT;D;211025;000000;67.3800000;68.5000000;67.3200000;67.8400000;4574070
AFLT;D;211026;000000;67.8600000;68.0000000;67.5000000;67.5200000;3699190
AFLT;D;211027;000000;67.5000000;68.9400000;67.1600000;68.9400000;8007440
AFLT;D;211028;000000;68.6400000;69.3800000;67.5600000;68.1800000;10039090
AFLT;D;211029;000000;68.1400000;69.3400000;67.7400000;68.4800000;11066230
AFLT;D;211101;000000;68.5000000;68.8200000;67.7200000;67.9800000;5681650
AFLT;D;211102;000000;68.0000000;68.3400000;67.3000000;67.6400000;5492830
AFLT;D;211103;000000;67.6400000;68.1600000;67.1400000;67.9200000;4333760
AFLT;D;211105;000000;67.9200000;68.5000000;67.8200000;68.4200000;4552590
AFLT;D;211108;000000;68.4800000;69.4000000;68.4800000;68.8000000;8144300
AFLT;D;211109;000000;68.8800000;69.1800000;68.3200000;68.6000000;5776810
AFLT;D;211110;000000;68.9600000;68.9600000;67.6600000;67.8400000;7701660
AFLT;D;211111;000000;67.2000000;67.3800000;66.2800000;67.0800000;23233780
AFLT;D;211112;000000;66.9800000;67.4400000;65.1000000;65.9800000;19519430
AFLT;D;211115;000000;66.0800000;67.7800000;66.0800000;67.6800000;14302550
AFLT;D;211116;000000;67.8000000;68.0600000;66.9200000;67.1000000;6263560
AFLT;D;211117;000000;67.2400000;67.4000000;66.6000000;66.9200000;4873020
AFLT;D;211118;000000;66.9200000;67.5400000;66.7400000;67.1400000;7376630
AFLT;D;211119;000000;67.2000000;67.4200000;65.2200000;66.0400000;11911630
AFLT;D;211122;000000;66.2000000;66.5200000;64.8600000;65.2000000;13918600
AFLT;D;211123;000000;65.1600000;65.1600000;63.1600000;64.7200000;23623330
AFLT;D;211124;000000;64.8000000;65.1000000;64.1000000;64.2200000;7083430
AFLT;D;211125;000000;64.5000000;64.7800000;64.2000000;64.7000000;4859940
AFLT;D;211126;000000;63.5000000;63.6600000;59.8800000;60.9800000;31712530
AFLT;D;211129;000000;61.8000000;62.4800000;60.8400000;61.1000000;15877550
AFLT;D;211130;000000;60.4400000;61.2800000;59.2200000;60.3200000;19375800
AFLT;D;211201;000000;60.6000000;63.2000000;60.5800000;62.0000000;15512000
AFLT;D;211202;000000;62.0800000;64.7600000;61.2400000;62.8400000;19028210
AFLT;D;211203;000000;63.2000000;63.4200000;61.7800000;62.2600000;7078360
AFLT;D;211206;000000;62.2600000;62.9600000;60.2000000;61.0800000;10929040
AFLT;D;211207;000000;60.8000000;62.9400000;60.7800000;62.4000000;8728150
AFLT;D;211208;000000;62.3000000;63.1800000;60.9800000;61.6400000;8793080
AFLT;D;211209;000000;61.7600000;62.0200000;60.8000000;61.0400000;7654800
AFLT;D;211210;000000;60.9400000;61.2800000;59.8200000;60.2000000;10691060
AFLT;D;211213;000000;60.5400000;60.9000000;58.8400000;60.0200000;18847450
AFLT;D;211214;000000;59.8000000;59.9600000;58.0000000;59.5000000;22351260
AFLT;D;211215;000000;59.5000000;59.7800000;58.6600000;59.3600000;9868550
AFLT;D;211216;000000;59.5000000;60.5600000;58.9200000;60.1600000;12853670
AFLT;D;211217;000000;60.1600000;60.3200000;59.5200000;60.0400000;7333030
AFLT;D;211220;000000;59.8600000;59.8600000;58.5000000;59.0200000;10621530
AFLT;D;211221;000000;59.0400000;59.9600000;58.8200000;59.6800000;8264730
AFLT;D;211222;000000;59.6800000;59.8400000;58.9400000;59.1800000;8314490
AFLT;D;211223;000000;59.3200000;59.4400000;58.6600000;59.2000000;7882720
AFLT;D;211224;000000;59.3800000;59.4000000;58.6400000;58.9600000;6985530
AFLT;D;211227;000000;59.0000000;59.1800000;58.8200000;59.0800000;8068820
AFLT;D;211228;000000;59.1000000;59.4200000;58.7200000;58.9200000;10648390
AFLT;D;211229;000000;58.9400000;59.1200000;58.5600000;58.9800000;5321110
AFLT;D;211230;000000;59.0200000;59.2400000;58.7400000;59.1600000;4522280
AFLT;D;220103;000000;59.1800000;60.9000000;59.1000000;60.7000000;9208450
AFLT;D;220104;000000;60.9200000;63.3600000;60.3800000;63.3000000;18179870
AFLT;D;220105;000000;63.1200000;63.5000000;60.8000000;60.9800000;13309990
AFLT;D;220106;000000;60.7200000;63.0000000;60.4400000;62.9600000;11683460
AFLT;D;220110;000000;62.9800000;63.9000000;62.5200000;63.0200000;8227240
AFLT;D;220111;000000;63.2600000;63.5800000;62.9000000;63.2000000;5161360
AFLT;D;220112;000000;63.3600000;63.4000000;62.1200000;62.4400000;8043810
AFLT;D;220113;000000;62.2600000;62.4600000;59.2600000;60.1600000;21966670
AFLT;D;220114;000000;60.2600000;60.8600000;58.7000000;59.8600000;24269020
AFLT;D;220117;000000;60.0000000;60.2800000;58.2800000;58.9800000;12748900
AFLT;D;220118;000000;59.2200000;59.2400000;53.8000000;55.4600000;46003080
AFLT;D;220119;000000;55.5000000;57.4800000;51.6800000;56.6200000;47858350
AFLT;D;220120;000000;57.0400000;58.1200000;55.1800000;57.2000000;22121210
AFLT;D;220121;000000;56.6800000;57.9600000;55.2000000;56.5600000;17604350
AFLT;D;220124;000000;56.2400000;57.2000000;50.0400000;52.2200000;53655150
AFLT;D;220125;000000;52.2400000;53.0000000;51.0400000;52.4000000;21739600
AFLT;D;220126;000000;52.1000000;54.3400000;51.4800000;52.6400000;21492380
AFLT;D;220127;000000;52.5000000;55.7800000;52.0800000;55.0200000;27519120
AFLT;D;220128;000000;55.2000000;56.3000000;53.6400000;55.5400000;20308040
AFLT;D;220131;000000;55.4800000;57.6000000;55.4800000;57.3200000;14779800
AFLT;D;220201;000000;57.3400000;57.8600000;56.3200000;57.1200000;10454800
AFLT;D;220202;000000;56.9800000;58.4800000;56.5400000;57.2000000;15547580
AFLT;D;220203;000000;56.8800000;57.1600000;55.0400000;55.7000000;14383640
AFLT;D;220204;000000;55.7200000;56.9000000;55.5200000;56.1800000;10264510
AFLT;D;220207;000000;56.5000000;56.7800000;55.7400000;56.1800000;4639980
AFLT;D;220208;000000;56.3600000;57.3000000;55.9800000;57.1800000;9043360
AFLT;D;220209;000000;57.3200000;59.5000000;57.1600000;59.2000000;21808660
AFLT;D;220210;000000;59.1000000;61.7800000;58.3800000;59.7600000;31466190
AFLT;D;220211;000000;60.0000000;60.7600000;57.6000000;58.3000000;26056890
AFLT;D;220214;000000;57.9600000;58.2600000;56.1400000;57.3000000;20971140
AFLT;D;220215;000000;57.4400000;59.7400000;57.2000000;59.4200000;15536340
AFLT;D;220216;000000;59.4200000;60.8400000;59.3000000;60.4200000;12332330
AFLT;D;220217;000000;60.4200000;60.6600000;57.6000000;58.0800000;15610760
AFLT;D;220218;000000;58.2000000;58.9800000;55.2000000;55.7000000;18619970
AFLT;D;220221;000000;55.7600000;56.8800000;42.1400000;46.6000000;87946410
AFLT;D;220222;000000;46.4600000;50.1600000;43.4000000;49.5200000;54261460
AFLT;D;220224;000000;44.5000000;45.0800000;29.0600000;35.7000000;66969360
AFLT;D;220225;000000;35.5000000;39.6000000;34.2600000;36.7400000;27283940
AFLT;D;220324;000000;33.0800000;36.0000000;29.1800000;30.7000000;29813860
AFLT;D;220325;000000;27.6400000;30.4000000;25.1000000;25.1000000;40231040
AFLT;D;220328;000000;25.7800000;27.3000000;23.7200000;25.8600000;17901380
AFLT;D;220329;000000;26.0400000;33.6600000;25.8800000;30.1000000;38697220
AFLT;D;220330;000000;31.1800000;37.5400000;31.0600000;37.5400000;39713880
AFLT;D;220331;000000;39.5400000;39.8800000;35.2800000;37.7400000;40607270
AFLT;D;220401;000000;38.2600000;40.0000000;37.1000000;38.8000000;28289480
AFLT;D;220404;000000;39.5400000;42.6600000;37.6000000;40.9000000;49572010
AFLT;D;220405;000000;41.5200000;41.5400000;35.5000000;37.7600000;22433720
AFLT;D;220406;000000;37.5000000;38.5200000;36.0800000;37.1800000;9584890
AFLT;D;220407;000000;37.1800000;39.2000000;37.0400000;37.5800000;8613430
AFLT;D;220408;000000;37.8800000;37.8800000;36.1800000;36.9400000;6078240
AFLT;D;220411;000000;36.9400000;37.2200000;35.3600000;35.4600000;9922910
AFLT;D;220412;000000;35.5000000;35.6000000;32.4000000;34.0600000;9090980
AFLT;D;220413;000000;34.0600000;34.7600000;33.5200000;33.8600000;4650890
AFLT;D;220414;000000;34.1000000;34.2800000;32.6600000;32.7400000;4518900
AFLT;D;220415;000000;33.9000000;33.9400000;32.2000000;32.9600000;5504410
AFLT;D;220418;000000;33.0400000;33.6000000;31.3000000;31.3200000;4416950
AFLT;D;220419;000000;31.5600000;31.6000000;27.9400000;30.5200000;11836760
AFLT;D;220420;000000;30.4600000;34.0000000;29.8000000;32.5000000;16956060
AFLT;D;220421;000000;32.2200000;33.4400000;31.1200000;31.1200000;9801700
AFLT;D;220422;000000;31.0600000;31.9800000;30.1200000;30.6200000;5890840
AFLT;D;220425;000000;30.5000000;30.6000000;28.6600000;29.0200000;6573910
AFLT;D;220426;000000;29.2000000;30.7600000;29.0800000;30.1800000;6898350
AFLT;D;220427;000000;30.3000000;33.1400000;30.2200000;32.4000000;11285150
AFLT;D;220428;000000;32.8600000;34.2000000;30.7600000;30.8000000;14608130
AFLT;D;220429;000000;31.0000000;31.7400000;30.3000000;31.1400000;7646970
AFLT;D;220504;000000;32.1400000;32.6800000;31.0400000;31.2000000;11321590
AFLT;D;220505;000000;31.2600000;31.7400000;30.4000000;30.7000000;6636490
AFLT;D;220506;000000;30.7400000;30.8000000;30.0400000;30.1000000;3050460
AFLT;D;220511;000000;29.9800000;30.5400000;29.6200000;29.9200000;3784070
AFLT;D;220512;000000;29.9600000;30.0200000;29.1400000;29.3200000;3155270
AFLT;D;220513;000000;29.5000000;29.8200000;29.0800000;29.2600000;2944470
AFLT;D;220516;000000;29.2800000;29.7000000;29.0000000;29.5200000;3768090
AFLT;D;220517;000000;29.6200000;31.3000000;29.6000000;30.3600000;10157790
AFLT;D;220518;000000;30.3600000;30.9000000;29.5200000;30.0600000;10047340
AFLT;D;220519;000000;30.0600000;30.2200000;29.2000000;29.5600000;5267190
AFLT;D;220520;000000;29.5800000;29.9800000;29.1400000;29.3200000;3780620
AFLT;D;220523;000000;29.4200000;29.6000000;28.3400000;28.4000000;3918140
AFLT;D;220524;000000;28.4000000;29.4200000;27.6400000;28.6000000;8201240
AFLT;D;220525;000000;28.7000000;29.0800000;28.1400000;28.5000000;3248140
AFLT;D;220526;000000;28.7800000;29.4800000;28.5600000;29.4000000;8587500
AFLT;D;220527;000000;29.5400000;30.0000000;27.6000000;28.5400000;8895530
AFLT;D;220530;000000;28.7600000;29.2000000;28.4200000;28.5800000;3451930
AFLT;D;220531;000000;28.6000000;28.7000000;28.0000000;28.0000000;2478230
AFLT;D;220601;000000;27.9800000;28.4400000;27.6800000;27.9400000;6003590
AFLT;D;220602;000000;27.9400000;28.0200000;26.9200000;26.9800000;6145100
AFLT;D;220603;000000;26.8200000;27.1600000;25.7000000;26.7400000;9625830
AFLT;D;220606;000000;26.7400000;27.0000000;25.8000000;25.9200000;6367230
AFLT;D;220607;000000;25.9000000;28.0000000;25.2400000;27.2000000;18652760
AFLT;D;220608;000000;27.5400000;28.3000000;26.8200000;27.1400000;17889490
AFLT;D;220609;000000;27.2000000;27.3000000;26.1000000;26.3600000;6055820
AFLT;D;220610;000000;26.3600000;26.5800000;26.1000000;26.3000000;2963170
AFLT;D;220614;000000;26.3000000;26.7000000;25.8600000;25.9600000;4999320
AFLT;D;220615;000000;25.9200000;26.2800000;25.8600000;25.9400000;4918790
AFLT;D;220616;000000;26.0000000;27.1800000;25.9400000;26.8600000;10984780
AFLT;D;220617;000000;27.0800000;28.0000000;26.9000000;27.5200000;14686330
AFLT;D;220620;000000;27.5200000;28.2000000;27.4600000;28.1400000;8986300
AFLT;D;220621;000000;28.2200000;28.5800000;26.7400000;26.8800000;15900890
AFLT;D;220622;000000;26.8600000;27.0800000;26.2400000;26.7600000;6510400
AFLT;D;220623;000000;26.8000000;27.2000000;26.4400000;26.9200000;6510620
AFLT;D;220624;000000;26.9600000;27.1600000;26.8000000;26.8200000;4149530
AFLT;D;220627;000000;26.8000000;27.9000000;26.6000000;27.9000000;10803100
AFLT;D;220628;000000;28.0000000;29.3000000;27.8200000;28.7800000;19416720
AFLT;D;220629;000000;29.0800000;29.4800000;27.8000000;27.8000000;11672960
AFLT;D;220630;000000;28.0000000;28.4200000;26.1200000;26.6800000;12828210
AFLT;D;220701;000000;26.6000000;27.6000000;26.0200000;26.7400000;5012220
AFLT;D;220704;000000;26.8800000;27.3000000;26.5400000;27.1200000;4059370
AFLT;D;220705;000000;27.0000000;28.4800000;26.7600000;28.2600000;6604860
AFLT;D;220706;000000;28.1200000;28.4800000;27.2000000;27.3400000;7840500
AFLT;D;220707;000000;27.4600000;28.0800000;27.2600000;27.7800000;8173070
AFLT;D;220708;000000;28.0200000;28.0600000;27.4200000;27.6000000;4452950
AFLT;D;220711;000000;27.6400000;27.9000000;27.1200000;27.7000000;4350290
AFLT;D;220712;000000;27.7800000;27.7800000;27.1400000;27.3000000;3775660
AFLT;D;220713;000000;27.4000000;27.5000000;26.4000000;26.6800000;6323980
AFLT;D;220714;000000;26.6800000;27.3800000;26.6000000;26.8600000;4278960
AFLT;D;220715;000000;27.1400000;27.1600000;26.7200000;27.0600000;2796880
AFLT;D;220718;000000;27.1000000;27.3200000;26.9800000;27.0800000;2257290
AFLT;D;220719;000000;27.0200000;27.1200000;26.4200000;26.6800000;4428440
AFLT;D;220720;000000;26.7200000;26.9600000;26.5600000;26.6000000;2581860
AFLT;D;220721;000000;26.7600000;28.1400000;26.1400000;27.5800000;16167690
AFLT;D;220722;000000;27.7200000;28.4600000;27.3000000;27.3000000;11729540
AFLT;D;220725;000000;27.6400000;28.3800000;27.0000000;27.8200000;14181840
AFLT;D;220726;000000;27.8800000;28.1600000;27.6800000;27.9400000;6262010
AFLT;D;220727;000000;28.1000000;28.3600000;27.4200000;27.7600000;11821370
AFLT;D;220728;000000;27.9400000;28.1800000;27.1000000;27.7000000;11068330
AFLT;D;220729;000000;27.7800000;27.9800000;27.5400000;27.7000000;4297290
AFLT;D;220801;000000;27.7400000;27.7800000;27.4200000;27.4400000;2630210
AFLT;D;220802;000000;27.5200000;27.5400000;26.5200000;26.9200000;8545460
AFLT;D;220803;000000;26.9200000;27.2000000;26.7400000;26.9600000;4243650
AFLT;D;220804;000000;26.9600000;27.0000000;26.5000000;26.6200000;3160130
AFLT;D;220805;000000;26.6600000;26.7200000;25.8600000;26.1600000;5464670
AFLT;D;220808;000000;26.5800000;27.1200000;26.3000000;26.8400000;8766700
AFLT;D;220809;000000;27.1000000;27.1800000;26.4000000;27.0000000;7194760
AFLT;D;220810;000000;27.1200000;27.4200000;26.8400000;27.0600000;4825520
AFLT;D;220811;000000;27.2000000;27.4800000;26.7600000;27.0000000;4587490
AFLT;D;220812;000000;27.1000000;27.3000000;26.8600000;27.1400000;2944250
AFLT;D;220815;000000;27.1600000;27.4400000;27.0200000;27.2200000;2391770
AFLT;D;220816;000000;27.2600000;27.3600000;26.9400000;27.0800000;3842380
AFLT;D;220817;000000;27.1200000;27.2400000;27.0000000;27.0200000;2373900
AFLT;D;220818;000000;27.0400000;27.1000000;26.8000000;27.0000000;2221310
AFLT;D;220819;000000;27.0200000;27.0200000;26.8000000;26.8800000;1628810
AFLT;D;220822;000000;26.9400000;27.0800000;26.8800000;27.0000000;2594720
AFLT;D;220823;000000;27.0400000;27.2200000;26.9600000;27.1800000;4917160
AFLT;D;220824;000000;27.1400000;27.6000000;27.1000000;27.4000000;5085430
AFLT;D;220825;000000;27.5000000;27.5000000;27.1400000;27.1800000;2187330
AFLT;D;220826;000000;27.2600000;28.3600000;27.0200000;28.2400000;20002950
AFLT;D;220829;000000;28.4000000;29.7000000;28.1800000;29.4000000;30003290
AFLT;D;220830;000000;29.5200000;29.6800000;28.5600000;28.7400000;13808760
AFLT;D;220831;000000;28.7400000;29.1600000;28.3000000;28.9000000;10016030
AFLT;D;220901;000000;28.9400000;29.3800000;28.7000000;28.8400000;6843990
AFLT;D;220902;000000;28.8600000;31.1000000;28.5800000;30.9600000;33590820
AFLT;D;220905;000000;31.0800000;31.2600000;30.0200000;30.6400000;16976850
AFLT;D;220906;000000;30.6800000;30.7000000;29.1800000;30.0000000;11962410
AFLT;D;220907;000000;32.0400000;32.2200000;30.7000000;30.9200000;36902840
AFLT;D;220908;000000;30.9200000;31.1400000;30.2600000;30.4800000;8120410
AFLT;D;220909;000000;30.5000000;30.8200000;30.3800000;30.6000000;3986900
AFLT;D;220912;000000;30.5200000;31.0400000;30.3200000;30.6600000;5382870
AFLT;D;220913;000000;30.7000000;31.0000000;29.1200000;29.8800000;18232180
AFLT;D;220914;000000;29.8600000;29.8600000;28.7600000;29.3800000;10464670
AFLT;D;220915;000000;29.5000000;29.5400000;29.0600000;29.3800000;5129520
AFLT;D;220916;000000;29.3800000;29.8000000;29.1000000;29.1800000;5530240
AFLT;D;220919;000000;29.1000000;29.3800000;28.8200000;28.9600000;3405730
AFLT;D;220920;000000;29.0000000;29.0800000;25.3200000;27.4600000;28888810
AFLT;D;220921;000000;25.2600000;26.8400000;25.1600000;26.2200000;13227170
AFLT;D;220922;000000;26.3600000;27.0400000;26.2400000;26.8600000;7267470
AFLT;D;220923;000000;26.7600000;26.7600000;24.7800000;26.0800000;15980720
AFLT;D;220926;000000;25.6000000;25.7800000;21.6000000;22.6400000;26557490
AFLT;D;220927;000000;22.9200000;23.5600000;21.9200000;23.3800000;10913570
AFLT;D;220928;000000;23.3000000;24.0000000;22.9200000;23.3600000;7902370
AFLT;D;220929;000000;23.3400000;23.6000000;22.3000000;22.7000000;6932860
AFLT;D;220930;000000;22.7000000;23.4600000;21.8200000;23.1400000;14778350
AFLT;D;221003;000000;23.2800000;24.2400000;23.1800000;24.0200000;9799270
AFLT;D;221004;000000;24.2800000;24.4400000;23.0600000;23.3600000;9154470
AFLT;D;221005;000000;23.4200000;23.7800000;22.5000000;23.6000000;7165910
AFLT;D;221006;000000;23.6600000;23.7000000;23.2200000;23.3600000;4795360
AFLT;D;221007;000000;23.3800000;23.3800000;22.2000000;22.4400000;5154190
AFLT;D;221010;000000;21.9000000;23.2800000;21.4400000;23.2000000;7180670
AFLT;D;221011;000000;23.4800000;23.5400000;23.0200000;23.4600000;2866150
AFLT;D;221012;000000;23.4600000;23.9000000;23.2200000;23.4400000;4863230
AFLT;D;221013;000000;23.5200000;23.7400000;23.2000000;23.5400000;3845120
AFLT;D;221014;000000;23.5800000;23.6000000;23.2600000;23.4800000;1952970
AFLT;D;221017;000000;23.5000000;24.3600000;23.4000000;24.2200000;5463150
AFLT;D;221018;000000;24.3400000;24.4200000;23.6000000;23.7800000;7186650
AFLT;D;221019;000000;23.8000000;23.9600000;23.4200000;23.8200000;3607190
AFLT;D;221020;000000;23.9000000;24.1600000;23.6200000;23.8400000;4104770
AFLT;D;221021;000000;23.8000000;24.4800000;23.6400000;24.4200000;5357780
AFLT;D;221024;000000;24.5000000;25.0000000;24.4000000;24.5000000;6383660
AFLT;D;221025;000000;24.6200000;25.2800000;24.4400000;25.1600000;5144570
AFLT;D;221026;000000;25.1600000;25.2800000;24.8000000;25.1000000;4374520
AFLT;D;221027;000000;25.2000000;25.8800000;25.1200000;25.5600000;7279720
AFLT;D;221028;000000;25.5800000;25.6000000;24.9800000;25.5200000;6590010
AFLT;D;221031;000000;25.6400000;25.8400000;25.2200000;25.3600000;5767540
AFLT;D;221101;000000;25.5200000;26.3000000;25.3800000;26.0800000;6523300
AFLT;D;221102;000000;26.1400000;26.2200000;25.5400000;25.7400000;4229710
AFLT;D;221103;000000;25.8000000;25.8000000;25.0400000;25.6400000;4045360
AFLT;D;221107;000000;25.8200000;26.3400000;25.7600000;26.2400000;4784320
AFLT;D;221108;000000;26.2800000;26.2800000;25.5400000;25.6400000;6762180
AFLT;D;221109;000000;25.6600000;25.7800000;24.5000000;24.9600000;6074650
AFLT;D;221110;000000;25.1000000;25.6200000;24.9600000;25.5800000;6247600
AFLT;D;221111;000000;25.7000000;25.7600000;25.3800000;25.6200000;3207880
AFLT;D;221114;000000;25.8000000;25.8000000;25.2400000;25.5800000;6826860
AFLT;D;221115;000000;25.6400000;25.6800000;23.8800000;24.7000000;9552380
AFLT;D;221116;000000;24.7600000;25.2400000;24.7600000;25.1000000;5011210
AFLT;D;221117;000000;25.1400000;25.2200000;24.8400000;25.0600000;2574560
AFLT;D;221118;000000;25.0000000;25.1800000;24.8400000;25.1600000;1850390
AFLT;D;221121;000000;25.1600000;25.2000000;24.7200000;25.0000000;4168810
AFLT;D;221122;000000;24.9800000;25.1000000;24.8000000;25.0600000;2580060
AFLT;D;221123;000000;24.9800000;25.4600000;24.8600000;25.2400000;3509710
AFLT;D;221124;000000;25.2400000;25.3200000;25.1000000;25.1800000;1680420
AFLT;D;221125;000000;25.0800000;25.2000000;24.8800000;24.9800000;2322090
AFLT;D;221128;000000;24.8600000;25.0800000;24.7800000;24.9600000;2295790
AFLT;D;221129;000000;25.0000000;25.0400000;24.7200000;25.0000000;2437960
AFLT;D;221130;000000;25.0400000;25.0400000;24.7400000;25.0200000;3267940
AFLT;D;221201;000000;24.9800000;25.0200000;24.7600000;24.8200000;2420630
AFLT;D;221202;000000;24.8400000;24.8800000;24.5600000;24.8200000;2674950
AFLT;D;221205;000000;24.7800000;25.2800000;24.6200000;24.9200000;5700210
AFLT;D;221206;000000;24.9600000;24.9600000;24.5200000;24.8600000;3858510
AFLT;D;221207;000000;24.6400000;25.0200000;24.5000000;24.9200000;3698270
AFLT;D;221208;000000;24.9400000;25.0200000;24.7200000;24.7600000;2218730
AFLT;D;221209;000000;24.7800000;24.8000000;24.6000000;24.7000000;2357980
AFLT;D;221212;000000;24.7000000;24.8000000;24.6000000;24.7600000;1761680
AFLT;D;221213;000000;24.7400000;24.7800000;24.5200000;24.6000000;2797130
AFLT;D;221214;000000;24.6200000;24.6200000;24.1200000;24.4400000;3425990
AFLT;D;221215;000000;24.4400000;24.4400000;23.8400000;24.0800000;2863950
AFLT;D;221216;000000;24.1400000;24.3400000;24.0000000;24.2400000;2357900
AFLT;D;221219;000000;24.1600000;24.2000000;23.8000000;23.9400000;3618850
AFLT;D;221220;000000;23.9200000;24.1600000;23.7000000;24.1200000;6022360
AFLT;D;221221;000000;24.1400000;24.2400000;24.0000000;24.0600000;3814880
AFLT;D;221222;000000;24.1200000;24.2600000;23.9000000;24.1800000;3022810
AFLT;D;221223;000000;24.1800000;24.5000000;24.0400000;24.2200000;5293820
AFLT;D;221226;000000;24.2600000;24.6000000;24.2600000;24.4600000;4067380
AFLT;D;221227;000000;24.4600000;24.5000000;24.2400000;24.3200000;3493000
AFLT;D;221228;000000;24.4000000;24.6400000;24.1200000;24.1800000;6706510
AFLT;D;221229;000000;24.2600000;24.5800000;24.1400000;24.5600000;4087290
AFLT;D;221230;000000;24.5800000;24.7200000;24.4400000;24.6000000;2838240
AFLT;D;230103;000000;24.6800000;24.8000000;24.6000000;24.6400000;1931160
AFLT;D;230104;000000;24.6600000;25.0800000;24.6200000;25.0400000;3070280
AFLT;D;230105;000000;25.0200000;25.9000000;25.0000000;25.6000000;11305990
AFLT;D;230106;000000;25.6400000;25.7000000;25.3000000;25.4600000;4005000
AFLT;D;230109;000000;25.5200000;26.2800000;25.5000000;26.0800000;10990450
AFLT;D;230110;000000;26.0200000;26.8800000;25.8000000;26.7200000;14254030
AFLT;D;230111;000000;26.7800000;27.9000000;26.7200000;27.6800000;20603580
AFLT;D;230112;000000;27.7400000;27.9200000;27.1600000;27.5200000;12420860
AFLT;D;230113;000000;27.5200000;28.1800000;27.2600000;27.6800000;9928760
AFLT;D;230116;000000;27.8200000;28.9600000;27.7000000;28.7800000;20451890
AFLT;D;230117;000000;28.8200000;29.1200000;27.2200000;27.4400000;25712290
AFLT;D;230118;000000;27.4800000;27.9800000;27.1600000;27.5600000;11760990
AFLT;D;230119;000000;27.5000000;27.6200000;26.7000000;27.4800000;17300410
AFLT;D;230120;000000;27.4800000;27.9000000;27.0400000;27.8000000;8024590
AFLT;D;230123;000000;27.8400000;28.1400000;27.7000000;27.8000000;6123840
AFLT;D;230124;000000;27.9000000;27.9400000;27.1000000;27.3400000;7771300
AFLT;D;230125;000000;27.1800000;27.4400000;27.0000000;27.4200000;3859530
AFLT;D;230126;000000;27.4200000;27.4800000;27.1000000;27.3000000;6199020
AFLT;D;230127;000000;27.2400000;27.9400000;27.0600000;27.7000000;9002790
AFLT;D;230130;000000;27.8200000;28.4600000;27.6800000;27.8600000;10564410
AFLT;D;230131;000000;27.8600000;28.0400000;27.6400000;28.0000000;11697870
AFLT;D;230201;000000;28.0500000;28.4900000;27.7000000;28.0100000;15955690
AFLT;D;230202;000000;28.0500000;28.8900000;27.2000000;28.2400000;24399750
AFLT;D;230203;000000;28.2500000;28.3000000;27.4600000;27.8500000;10949770
AFLT;D;230206;000000;27.8000000;28.3800000;27.8000000;28.2700000;7330260
AFLT;D;230207;000000;28.3000000;28.7200000;28.2400000;28.6700000;9747580
AFLT;D;230208;000000;28.7400000;29.5500000;28.5200000;29.4300000;25451220
AFLT;D;230209;000000;29.5900000;29.9300000;29.1900000;29.4000000;16969970
AFLT;D;230210;000000;29.4000000;29.4300000;27.9800000;28.8200000;13839310
AFLT;D;230213;000000;28.9400000;28.9600000;28.2200000;28.3200000;10187870
AFLT;D;230214;000000;28.3000000;28.3000000;27.7100000;27.7700000;8013310
AFLT;D;230215;000000;27.5800000;27.6100000;26.1500000;26.6500000;18979170
AFLT;D;230216;000000;26.9000000;27.6900000;26.7500000;27.4300000;16884580
AFLT;D;230217;000000;27.4000000;27.6700000;27.1000000;27.5400000;7181940
AFLT;D;230220;000000;27.6100000;27.6700000;26.9900000;27.4000000;7441840
AFLT;D;230221;000000;27.4600000;28.1500000;27.2200000;27.7800000;10649700
AFLT;D;230222;000000;27.7900000;28.1200000;27.5700000;27.9700000;7619130
AFLT;D;230224;000000;27.8300000;28.2500000;27.7500000;28.1600000;4655380
AFLT;D;230227;000000;28.0300000;28.4800000;27.9600000;28.3200000;6510540
AFLT;D;230228;000000;28.3800000;28.4900000;28.1000000;28.2000000;6058540
AFLT;D;230301;000000;28.2800000;28.5000000;28.2100000;28.3500000;7273100
AFLT;D;230302;000000;28.3500000;28.4300000;27.8600000;28.0000000;8957230
AFLT;D;230303;000000;27.9300000;28.2200000;27.9300000;28.1600000;4649620
AFLT;D;230306;000000;28.2500000;28.7700000;28.1800000;28.5800000;8104830
AFLT;D;230307;000000;28.5900000;28.5900000;28.2400000;28.4500000;4260480
AFLT;D;230309;000000;28.4600000;28.7000000;28.3500000;28.5500000;4173390
AFLT;D;230310;000000;28.4200000;28.5100000;28.1800000;28.2700000;4040050
AFLT;D;230313;000000;28.2700000;28.4400000;27.9600000;28.0800000;5265920
AFLT;D;230314;000000;28.0800000;28.3800000;27.9700000;28.2500000;3599480
AFLT;D;230315;000000;28.3000000;28.7300000;28.0000000;28.1500000;10303600
AFLT;D;230316;000000;28.1100000;28.3400000;28.0300000;28.2600000;4403090
AFLT;D;230317;000000;28.3000000;28.6000000;28.1600000;28.4500000;7063350
AFLT;D;230320;000000;28.5100000;29.7600000;28.4800000;29.6600000;25094930
AFLT;D;230321;000000;29.8500000;29.8800000;28.7000000;29.2500000;12487070
AFLT;D;230322;000000;29.1900000;29.2400000;28.6700000;28.9400000;8023260
AFLT;D;230323;000000;28.8800000;29.4300000;28.8600000;29.3000000;6393510
AFLT;D;230324;000000;29.3500000;29.7300000;29.1600000;29.6100000;9385570
AFLT;D;230327;000000;29.7600000;33.3000000;29.7200000;32.9200000;132455840
AFLT;D;230328;000000;33.2200000;33.8300000;31.8400000;32.3600000;67836510
AFLT;D;230329;000000;32.4300000;32.4800000;31.9500000;32.2700000;15751110
AFLT;D;230330;000000;32.2200000;32.9900000;32.1500000;32.7400000;20026150
AFLT;D;230331;000000;32.8400000;32.9400000;30.6400000;31.6500000;66964990
AFLT;D;230403;000000;31.5000000;32.1000000;31.3000000;32.0300000;14691120
AFLT;D;230404;000000;32.0300000;32.8700000;32.0000000;32.1600000;18805620
AFLT;D;230405;000000;32.0800000;32.5000000;31.5500000;32.2700000;12633190
AFLT;D;230406;000000;32.3000000;32.8300000;32.1800000;32.3900000;12026670
AFLT;D;230407;000000;32.4500000;32.9400000;32.2400000;32.7900000;9679560
AFLT;D;230410;000000;32.9000000;35.2800000;32.8900000;34.8400000;84933950
AFLT;D;230411;000000;34.9500000;35.0600000;33.6200000;34.0800000;48995950
AFLT;D;230412;000000;34.1500000;34.8100000;34.0600000;34.4900000;17874470
AFLT;D;230413;000000;34.5600000;34.6300000;34.0900000;34.3000000;8333620
AFLT;D;230414;000000;34.3500000;34.7200000;34.0500000;34.6500000;8933060
AFLT;D;230417;000000;34.8800000;36.4000000;34.8600000;36.2600000;42793080
AFLT;D;230418;000000;36.2800000;36.8600000;35.6200000;36.3600000;31977050
AFLT;D;230419;000000;36.4500000;37.8400000;35.6500000;37.4500000;47362450
AFLT;D;230420;000000;37.7100000;39.8000000;36.7200000;39.2100000;93596690
AFLT;D;230421;000000;39.2000000;39.9000000;38.3800000;38.9700000;44213730
AFLT;D;230424;000000;38.9200000;39.3400000;38.0500000;38.9000000;24426250
AFLT;D;230425;000000;39.0100000;39.0500000;37.8100000;38.0200000;17958740
AFLT;D;230426;000000;38.0000000;39.4000000;37.5200000;39.2500000;29219670
AFLT;D;230427;000000;39.1000000;40.4700000;38.8600000;40.0500000;45444750
AFLT;D;230428;000000;40.2500000;40.7100000;39.0500000;40.2400000;42075440
AFLT;D;230502;000000;40.4400000;41.2200000;37.8400000;39.5900000;69536970
AFLT;D;230503;000000;39.5700000;39.6000000;37.8100000;38.0200000;54483400
AFLT;D;230504;000000;37.6800000;38.4400000;36.8000000;37.6500000;64931840
AFLT;D;230505;000000;37.6000000;37.7700000;36.8100000;37.1200000;24862270
AFLT;D;230508;000000;37.0700000;37.1400000;36.0500000;36.1500000;21196240
AFLT;D;230510;000000;35.9200000;38.5300000;35.5100000;38.2600000;59903350
AFLT;D;230511;000000;38.4300000;39.3200000;36.7700000;37.6000000;66517780
AFLT;D;230512;000000;37.7000000;38.4600000;37.1300000;38.2400000;35515990
AFLT;D;230515;000000;38.3400000;39.3000000;38.3400000;39.1700000;23684820
AFLT;D;230516;000000;39.2100000;39.4000000;38.4400000;38.8000000;18047520
AFLT;D;230517;000000;38.7300000;39.3000000;38.4100000;38.9700000;13074870
AFLT;D;230518;000000;39.1400000;39.2200000;38.5100000;38.5500000;12663660
AFLT;D;230519;000000;38.5000000;39.2900000;38.0000000;38.8800000;20536610
AFLT;D;230522;000000;39.0300000;39.8600000;38.7200000;39.3500000;25133220
AFLT;D;230523;000000;39.4300000;39.6900000;38.1100000;39.0900000;19587920
AFLT;D;230524;000000;39.0900000;39.6000000;38.9000000;39.5100000;11747380
AFLT;D;230525;000000;39.7100000;40.7200000;39.5300000;39.9800000;39312380
AFLT;D;230526;000000;39.9900000;40.2000000;39.5400000;40.1500000;15779590
AFLT;D;230529;000000;40.2500000;40.8600000;40.1500000;40.5300000;15505160
AFLT;D;230530;000000;39.8100000;40.4200000;39.1000000;39.9100000;25927120
AFLT;D;230531;000000;39.8300000;40.3200000;39.3300000;40.0600000;13283620
AFLT;D;230601;000000;40.2200000;40.2400000;39.2100000;39.3000000;12902530
AFLT;D;230602;000000;39.2700000;40.0500000;38.8000000;40.0000000;12267290
AFLT;D;230605;000000;40.0300000;40.3000000;38.8500000;39.2000000;21650040
AFLT;D;230606;000000;39.1000000;39.4000000;38.3600000;39.2000000;10728920
AFLT;D;230607;000000;39.2000000;39.6900000;39.1300000;39.4900000;7019500
AFLT;D;230608;000000;39.4000000;39.5900000;39.1600000;39.4800000;4236220
AFLT;D;230609;000000;39.5400000;40.2200000;39.3100000;40.0600000;17478030
AFLT;D;230613;000000;40.1800000;40.8500000;40.1800000;40.6700000;16955990
AFLT;D;230614;000000;40.9600000;41.5000000;40.7600000;41.1800000;27361890
AFLT;D;230615;000000;41.3600000;43.4000000;41.0300000;43.2500000;39970520
AFLT;D;230616;000000;43.5100000;43.5400000;42.6300000;43.3800000;25567030
AFLT;D;230619;000000;43.4500000;44.3500000;42.8700000;43.2600000;28244970
AFLT;D;230620;000000;43.2600000;43.3400000;42.2500000;42.8100000;18059300
AFLT;D;230621;000000;42.8100000;43.4500000;42.6000000;43.1600000;9646700
AFLT;D;230622;000000;43.2000000;43.2100000;41.8500000;42.0500000;24813010
AFLT;D;230623;000000;41.9100000;42.1200000;40.1000000;40.7100000;37204610
AFLT;D;230626;000000;41.2600000;42.1200000;40.8000000;41.4200000;29424080
AFLT;D;230627;000000;41.5900000;42.4900000;41.2300000;42.3000000;17546610
AFLT;D;230628;000000;42.5100000;42.6800000;42.0500000;42.1900000;9354630
AFLT;D;230629;000000;42.2400000;43.8800000;41.7200000;43.0100000;27925620
AFLT;D;230630;000000;43.0800000;43.2000000;42.2100000;42.7000000;10288600
AFLT;D;230703;000000;42.6800000;42.9000000;41.8800000;42.2000000;11876880
AFLT;D;230704;000000;42.2000000;42.3300000;41.1000000;41.3100000;15133610
AFLT;D;230705;000000;41.4000000;42.0400000;41.3300000;41.8900000;8904650
AFLT;D;230706;000000;42.0000000;42.2500000;41.2000000;41.4400000;11582660
AFLT;D;230707;000000;41.2900000;41.4500000;40.8100000;41.4300000;9739600
AFLT;D;230710;000000;41.5100000;42.1100000;41.2800000;42.0900000;8521210
AFLT;D;230711;000000;42.1200000;42.1800000;41.4500000;41.8500000;11434150
AFLT;D;230712;000000;41.9000000;42.4700000;41.8000000;42.1200000;12701780
AFLT;D;230713;000000;42.2300000;42.5700000;41.9200000;42.3900000;10040870
AFLT;D;230714;000000;42.4000000;42.8800000;42.2500000;42.3900000;16016030
AFLT;D;230717;000000;42.2800000;42.7400000;41.8800000;42.5800000;10431460
AFLT;D;230718;000000;42.6800000;44.4300000;42.5700000;44.3600000;45721520
AFLT;D;230719;000000;44.4700000;44.7200000;43.6000000;43.7900000;19277530
AFLT;D;230720;000000;44.1300000;45.1500000;43.3100000;43.8600000;28081870
AFLT;D;230721;000000;43.9100000;44.2800000;43.3400000;44.2000000;10489370
AFLT;D;230724;000000;44.2100000;44.6600000;44.0800000;44.4200000;9560850
AFLT;D;230725;000000;44.4000000;45.0000000;44.3400000;44.9300000;8915640
AFLT;D;230726;000000;44.9300000;45.3400000;44.4300000;44.7200000;14244850
AFLT;D;230727;000000;44.7200000;45.2000000;44.6400000;44.8900000;7771170
AFLT;D;230728;000000;44.8900000;45.0000000;44.5500000;44.8400000;5419370
AFLT;D;230731;000000;44.8900000;45.8500000;44.8800000;45.6300000;13944140
AFLT;D;230801;000000;45.7000000;45.8200000;45.0000000;45.3500000;15392430
AFLT;D;230802;000000;45.3400000;45.7000000;44.8400000;45.2600000;15581770
AFLT;D;230803;000000;45.1200000;45.8200000;44.9600000;45.4700000;14595000
AFLT;D;230804;000000;45.5300000;47.3800000;43.5700000;45.2900000;67243150
AFLT;D;230807;000000;45.5200000;46.2400000;44.4500000;45.2200000;19677660
AFLT;D;230808;000000;45.1700000;45.6600000;44.2300000;45.3800000;16941070
AFLT;D;230809;000000;45.4800000;45.6800000;45.0100000;45.2500000;7835600
AFLT;D;230810;000000;45.2700000;45.8700000;45.1900000;45.4700000;13739660
AFLT;D;230811;000000;45.6400000;45.8500000;45.2500000;45.8400000;8052230
AFLT;D;230814;000000;46.0200000;46.4000000;44.6600000;45.0900000;25034060
AFLT;D;230815;000000;44.8300000;45.8200000;44.6800000;45.1300000;12499300
AFLT;D;230816;000000;45.1300000;45.3200000;43.1000000;44.0300000;19947000
AFLT;D;230817;000000;43.9000000;45.0000000;43.5600000;44.7000000;15682240
AFLT;D;230818;000000;44.6100000;45.1500000;44.1300000;44.9100000;6597690
AFLT;D;230821;000000;44.9400000;45.3300000;44.4600000;44.8300000;9294350
AFLT;D;230822;000000;44.8200000;45.3400000;44.4900000;44.9400000;6475140
AFLT;D;230823;000000;44.9100000;45.0400000;43.8000000;44.1400000;9311190
AFLT;D;230824;000000;44.2100000;44.6400000;43.8500000;44.4700000;6680410
AFLT;D;230825;000000;44.4500000;44.4700000;43.9400000;44.3400000;5202100
AFLT;D;230828;000000;44.3400000;45.1700000;44.2900000;44.7800000;16277340
AFLT;D;230829;000000;44.8200000;45.0700000;44.0000000;44.3800000;14660130
AFLT;D;230830;000000;44.3000000;44.4800000;43.7400000;44.1200000;8482420
AFLT;D;230831;000000;44.1600000;44.3500000;43.6800000;44.0200000;10203180
AFLT;D;230901;000000;44.0200000;44.2000000;43.8800000;44.0100000;5273300
AFLT;D;230904;000000;44.0500000;44.5500000;43.8900000;44.1400000;12921380
AFLT;D;230905;000000;44.1900000;44.2600000;43.9000000;44.0400000;8386480
AFLT;D;230906;000000;44.1100000;44.1500000;43.6000000;43.7500000;6737890
AFLT;D;230907;000000;43.7500000;43.7500000;42.2500000;42.5400000;17711330
AFLT;D;230908;000000;42.6200000;42.7000000;41.0200000;42.4000000;22108290
AFLT;D;230911;000000;42.4000000;42.4000000;41.4500000;41.7300000;11731470
AFLT;D;230912;000000;41.7400000;42.7800000;41.7300000;42.5300000;7655880
AFLT;D;230913;000000;42.5300000;42.6500000;41.7300000;41.8700000;5436810
AFLT;D;230914;000000;42.0400000;42.2700000;40.8600000;41.3000000;15371880
AFLT;D;230915;000000;41.2100000;42.0400000;40.7300000;41.6300000;14116110
AFLT;D;230918;000000;41.6400000;42.1700000;40.9000000;41.5200000;11975920
AFLT;D;230919;000000;41.5400000;41.5400000;40.1000000;40.2500000;17799510
AFLT;D;230920;000000;40.2500000;40.7500000;39.4800000;40.1400000;14739000
AFLT;D;230921;000000;39.9700000;41.1800000;39.4300000;40.2300000;17905530
AFLT;D;230922;000000;40.4200000;41.2200000;39.6200000;41.0000000;10031710
AFLT;D;230925;000000;40.9800000;41.0000000;40.1100000;40.2100000;6924030
AFLT;D;230926;000000;40.0800000;40.4000000;39.6800000;40.2900000;6198950
AFLT;D;230927;000000;40.4600000;41.7200000;40.1600000;41.7200000;12936350
AFLT;D;230928;000000;41.6400000;41.7400000;40.9100000;41.4300000;11991680
AFLT;D;230929;000000;41.3600000;41.6800000;41.0600000;41.5000000;5533980
AFLT;D;231002;000000;41.6000000;42.4800000;40.4600000;40.8100000;21568290
AFLT;D;231003;000000;40.8700000;41.1500000;40.4000000;40.9800000;14733560
AFLT;D;231004;000000;40.9900000;41.3000000;40.5300000;40.7500000;7123120
AFLT;D;231005;000000;40.6800000;40.9900000;40.1700000;40.4500000;8774780
AFLT;D;231006;000000;40.4000000;40.7300000;40.1100000;40.6300000;4102550
AFLT;D;231009;000000;40.5800000;40.7900000;40.2900000;40.5600000;5630680
AFLT;D;231010;000000;40.5600000;40.8400000;40.3800000;40.7400000;5883390
AFLT;D;231011;000000;40.7100000;40.9600000;40.2200000;40.3600000;7265050
AFLT;D;231012;000000;40.5000000;40.5400000;40.0300000;40.4000000;4325490
AFLT;D;231013;000000;40.3600000;40.6500000;40.1600000;40.4500000;2863510
AFLT;D;231016;000000;40.4400000;41.6800000;40.4100000;41.3400000;12439790
AFLT;D;231017;000000;41.4100000;41.4800000;40.7500000;41.1300000;7440770
AFLT;D;231018;000000;41.1000000;41.1600000;40.6300000;40.8300000;4648040
AFLT;D;231019;000000;40.8300000;40.9600000;40.6400000;40.8800000;4607890
AFLT;D;231020;000000;40.8900000;41.0300000;40.2800000;40.9300000;5831240
AFLT;D;231023;000000;40.9400000;41.2500000;40.8600000;40.9400000;7236840
AFLT;D;231024;000000;40.9400000;40.9400000;40.6600000;40.7900000;3450200
AFLT;D;231025;000000;40.6800000;41.0900000;40.6600000;40.8700000;4659020
AFLT;D;231026;000000;40.9100000;41.0100000;39.8100000;39.9800000;16591050
AFLT;D;231027;000000;40.0800000;40.4400000;39.5700000;40.2600000;13001960
AFLT;D;231030;000000;40.0700000;40.4000000;39.6900000;39.8900000;4785070
AFLT;D;231031;000000;39.8100000;39.8900000;38.6000000;39.3500000;18842880
AFLT;D;231101;000000;39.3700000;39.6300000;38.9000000;39.2500000;8485630
AFLT;D;231102;000000;39.2800000;39.5500000;38.9600000;39.2500000;4291210
AFLT;D;231103;000000;39.2500000;39.3000000;38.6500000;38.9700000;6116420
AFLT;D;231106;000000;38.9800000;39.7300000;38.9700000;39.6400000;4904130
AFLT;D;231107;000000;39.6400000;40.2200000;39.3800000;40.1000000;5847130
AFLT;D;231108;000000;40.1400000;40.3000000;39.9000000;39.9300000;4298020
AFLT;D;231109;000000;39.9500000;39.9800000;39.2200000;39.3900000;7790620
AFLT;D;231110;000000;39.4000000;39.4000000;38.9500000;39.1900000;4623830
AFLT;D;231113;000000;39.2100000;39.2500000;38.6500000;38.8000000;5682910
AFLT;D;231114;000000;38.7000000;38.7400000;37.8000000;38.3800000;13919460
AFLT;D;231115;000000;38.3700000;38.7700000;37.6800000;38.6800000;13121070
AFLT;D;231116;000000;38.7300000;39.3600000;38.1500000;38.2800000;6381610
AFLT;D;231117;000000;38.3000000;38.6500000;37.9100000;38.5400000;5895270
AFLT;D;231120;000000;38.5400000;38.8500000;38.3600000;38.5700000;5178270
AFLT;D;231121;000000;38.4300000;39.3000000;38.2600000;39.1100000;5953130
AFLT;D;231122;000000;39.2500000;39.3000000;38.4700000;39.0100000;6221120
AFLT;D;231123;000000;39.0000000;39.0000000;38.3300000;38.6700000;5375410
AFLT;D;231124;000000;38.5500000;38.7400000;38.1600000;38.5100000;6770360
AFLT;D;231127;000000;38.5200000;38.6600000;37.6000000;37.8200000;8358490
AFLT;D;231128;000000;37.8200000;37.9400000;36.3400000;37.1500000;18981000
AFLT;D;231129;000000;37.3000000;37.6500000;36.6000000;36.7200000;16486030
AFLT;D;231130;000000;36.6800000;36.8100000;36.1100000;36.2900000;10750230
AFLT;D;231201;000000;36.2700000;36.6300000;36.1900000;36.5100000;5142610
AFLT;D;231204;000000;36.5700000;36.6000000;35.8000000;35.8000000;7366470
AFLT;D;231205;000000;35.7700000;36.0000000;35.0600000;35.5300000;8391780
